{"stats":{"minecraft:custom":{"minecraft:interact_with_furnace":37,"minecraft:mob_kills":17,"minecraft:interact_with_crafting_table":10,"minecraft:leave_game":8,"minecraft:time_since_death":64554,"minecraft:sleep_in_bed":4,"minecraft:climb_one_cm":5002,"minecraft:time_since_rest":4661,"minecraft:sprint_one_cm":157299,"minecraft:damage_taken":1326,"minecraft:walk_one_cm":201260,"minecraft:damage_blocked_by_shield":460,"minecraft:drop":76,"minecraft:damage_dealt":1704,"minecraft:swim_one_cm":16135,"minecraft:fly_one_cm":282644,"minecraft:crouch_one_cm":12035,"minecraft:play_time":97088,"minecraft:deaths":2,"minecraft:sneak_time":4144,"minecraft:walk_under_water_one_cm":3809,"minecraft:jump":2211,"minecraft:walk_on_water_one_cm":10841,"minecraft:total_world_time":97088,"minecraft:fall_one_cm":60245},"minecraft:mined":{"minecraft:oak_door":2,"minecraft:jungle_leaves":3,"minecraft:crafting_table":2,"minecraft:torch":3,"minecraft:grass_block":1,"minecraft:jungle_planks":5,"minecraft:tall_grass":5,"minecraft:cobblestone":41,"minecraft:oak_planks":48,"minecraft:wall_torch":4,"minecraft:iron_ore":1,"minecraft:grass":19,"minecraft:oak_log":18,"minecraft:coal_ore":1,"minecraft:gravel":1,"minecraft:sand":45,"minecraft:stone":21,"minecraft:oak_leaves":4},"minecraft:picked_up":{"minecraft:wooden_axe":2,"minecraft:cocoa_beans":4,"minecraft:crafting_table":5,"minecraft:cooked_beef":1,"minecraft:chicken":2,"minecraft:leather":7,"minecraft:wooden_pickaxe":1,"minecraft:oak_log":18,"minecraft:dirt":4,"man:cassette_1safetyinstructions":2,"minecraft:wheat_seeds":1,"minecraft:stone_pickaxe":2,"minecraft:beef":6,"minecraft:cooked_chicken":6,"minecraft:oak_planks":151,"minecraft:egg":2,"minecraft:stick":6,"minecraft:raw_iron":2,"minecraft:oak_door":4,"minecraft:cooked_porkchop":1,"minecraft:copper_ingot":3,"minecraft:torch":15,"minecraft:gravel":1,"minecraft:porkchop":11,"minecraft:sand":46,"minecraft:jungle_planks":21,"minecraft:rotten_flesh":4,"minecraft:stone_axe":3,"minecraft:oak_sapling":1,"minecraft:mutton":10,"minecraft:coal":1,"minecraft:white_wool":9,"minecraft:cobblestone":85},"minecraft:dropped":{"minecraft:stone_axe":1,"minecraft:cooked_beef":4,"minecraft:cocoa_beans":4,"minecraft:crafting_table":1,"minecraft:cooked_porkchop":5,"minecraft:cobblestone":4,"minecraft:rotten_flesh":4,"minecraft:oak_planks":2,"minecraft:leather":2,"minecraft:jungle_planks":21,"minecraft:copper_ingot":3,"minecraft:white_bed":1,"minecraft:torch":4,"minecraft:glass":26,"minecraft:oak_door":2},"minecraft:crafted":{"minecraft:cooked_beef":6,"minecraft:oak_planks":72,"minecraft:stone_shovel":1,"minecraft:cooked_porkchop":9,"minecraft:crafting_table":1,"minecraft:wooden_pickaxe":1,"minecraft:cooked_chicken":1,"minecraft:stone":2,"minecraft:leather_helmet":1,"minecraft:stone_axe":2,"minecraft:cooked_mutton":4,"minecraft:air":0,"minecraft:glass":26,"minecraft:shield":1,"minecraft:stick":16,"minecraft:iron_ingot":1,"minecraft:stone_pickaxe":1,"minecraft:wooden_axe":1,"minecraft:white_bed":2,"minecraft:torch":4},"minecraft:killed_by":{"minecraft:skeleton":2},"minecraft:used":{"minecraft:stone_shovel":45,"minecraft:stone_pickaxe":50,"minecraft:oak_planks":55,"minecraft:wooden_pickaxe":16,"minecraft:shield":7,"minecraft:stone":2,"minecraft:cooked_chicken":4,"minecraft:oak_door":2,"minecraft:white_wool":1,"minecraft:torch":8,"minecraft:dirt":4,"minecraft:sand":9,"minecraft:mutton":2,"minecraft:crafting_table":2,"minecraft:white_bed":1,"minecraft:wooden_axe":20,"minecraft:gravel":1,"minecraft:stone_axe":100,"minecraft:cobblestone":44,"minecraft:oak_sapling":1,"minecraft:porkchop":2,"minecraft:cooked_porkchop":4,"minecraft:egg":2,"minecraft:cooked_beef":3},"minecraft:killed":{"minecraft:pig":5,"minecraft:sheep":7,"minecraft:zombie":1,"minecraft:cow":4}},"DataVersion":3120}