{"stats":{"minecraft:mined":{"minecraft:grass_block":1,"minecraft:oxeye_daisy":1},"minecraft:used":{"minecraft:wooden_sword":24,"minecraft:white_wool":592,"minecraft:golden_apple":2,"minecraft:diamond_sword":4,"minecraft:firework_rocket":24,"minecraft:bow":2},"minecraft:killed":{"minecraft:horse":1,"minecraft:skeleton":1,"minecraft:zombie":2,"minecraft:creeper":1},"minecraft:custom":{"minecraft:time_since_rest":88622,"minecraft:play_time":311584,"minecraft:crouch_one_cm":4002,"minecraft:sprint_one_cm":76673,"minecraft:deaths":10,"minecraft:walk_one_cm":52429,"minecraft:sneak_time":2101,"minecraft:walk_under_water_one_cm":16599,"minecraft:mob_kills":5,"minecraft:drop":6,"minecraft:jump":1305,"minecraft:damage_dealt":1168,"minecraft:leave_game":19,"minecraft:walk_on_water_one_cm":2095,"minecraft:time_since_death":88594,"minecraft:total_world_time":311584,"minecraft:swim_one_cm":351,"minecraft:fly_one_cm":324939},"minecraft:picked_up":{"minecraft:bone":4,"minecraft:rotten_flesh":2,"minecraft:leather":2},"minecraft:dropped":{"minecraft:wooden_sword":1,"minecraft:leather":2,"minecraft:white_wool":64,"minecraft:leather_boots":1,"minecraft:golden_apple":8}},"DataVersion":3700}