{"stats":{"minecraft:dropped":{"minecraft:rotten_flesh":2,"minecraft:stick":1},"minecraft:used":{"minecraft:bedrock":1,"minecraft:heavy_weighted_pressure_plate":6,"minecraft:smooth_stone":19},"minecraft:killed":{"minecraft:zombie":1},"minecraft:picked_up":{"minecraft:stick":3,"minecraft:rotten_flesh":2,"minecraft:smooth_stone":127,"minecraft:bedrock":2,"minecraft:heavy_weighted_pressure_plate":128},"minecraft:custom":{"minecraft:time_since_rest":58279,"minecraft:crouch_one_cm":989,"minecraft:play_time":163800,"minecraft:sprint_one_cm":12415,"minecraft:deaths":2,"minecraft:damage_taken":1030,"minecraft:walk_one_cm":69714,"minecraft:sneak_time":483,"minecraft:walk_under_water_one_cm":165,"minecraft:mob_kills":1,"minecraft:drop":3,"minecraft:jump":126,"minecraft:damage_dealt":192,"minecraft:leave_game":3,"minecraft:walk_on_water_one_cm":38,"minecraft:time_since_death":58252,"minecraft:total_world_time":163800,"minecraft:swim_one_cm":175,"minecraft:fall_one_cm":57830,"minecraft:fly_one_cm":21878}},"DataVersion":3700}