{"stats":{"minecraft:custom":{"minecraft:interact_with_furnace":46,"minecraft:mob_kills":13,"minecraft:interact_with_crafting_table":16,"minecraft:leave_game":1,"minecraft:time_since_death":40890,"minecraft:sleep_in_bed":3,"minecraft:climb_one_cm":2092,"minecraft:time_since_rest":16075,"minecraft:sprint_one_cm":188733,"minecraft:damage_taken":1094,"minecraft:damage_blocked_by_shield":160,"minecraft:walk_one_cm":153159,"minecraft:drop":19,"minecraft:damage_dealt":1447,"minecraft:swim_one_cm":8653,"minecraft:fly_one_cm":129230,"minecraft:crouch_one_cm":6456,"minecraft:play_time":87126,"minecraft:deaths":2,"minecraft:sneak_time":2886,"minecraft:walk_under_water_one_cm":1311,"minecraft:jump":930,"minecraft:walk_on_water_one_cm":10500,"minecraft:total_world_time":87126,"minecraft:fall_one_cm":27944},"minecraft:mined":{"minecraft:jungle_door":4,"minecraft:jungle_leaves":6,"minecraft:crafting_table":3,"minecraft:torch":1,"minecraft:granite":14,"minecraft:grass_block":8,"minecraft:jungle_planks":2,"minecraft:jungle_log":10,"minecraft:copper_ore":6,"minecraft:cobblestone":28,"minecraft:oak_planks":8,"minecraft:sugar_cane":3,"minecraft:furnace":1,"minecraft:iron_ore":3,"minecraft:andesite":3,"minecraft:grass":8,"minecraft:oak_log":25,"minecraft:coal_ore":25,"minecraft:vine":1,"minecraft:gravel":3,"minecraft:sand":38,"minecraft:dirt":5,"minecraft:stone":142,"minecraft:oak_leaves":4},"minecraft:picked_up":{"minecraft:wooden_axe":2,"minecraft:cocoa_beans":3,"minecraft:crafting_table":4,"minecraft:feather":15,"minecraft:cooked_beef":3,"minecraft:chicken":9,"minecraft:andesite":3,"minecraft:jungle_log":10,"minecraft:leather":2,"minecraft:wooden_pickaxe":3,"minecraft:oak_log":23,"minecraft:shield":1,"minecraft:dirt":14,"minecraft:string":2,"minecraft:raw_copper":24,"minecraft:bone":13,"minecraft:wheat_seeds":4,"minecraft:stone_pickaxe":3,"minecraft:sugar_cane":18,"minecraft:oak_planks":62,"minecraft:furnace":1,"minecraft:stick":4,"minecraft:raw_iron":4,"minecraft:jungle_door":5,"minecraft:cooked_porkchop":6,"minecraft:copper_ingot":3,"minecraft:torch":5,"minecraft:porkchop":3,"minecraft:sand":35,"minecraft:jungle_planks":89,"minecraft:white_bed":1,"minecraft:arrow":7,"minecraft:rotten_flesh":2,"minecraft:stone_axe":4,"minecraft:granite":29,"minecraft:oak_sapling":1,"minecraft:black_wool":3,"minecraft:mutton":2,"minecraft:coal":26,"minecraft:cobblestone":277},"minecraft:dropped":{"minecraft:stone_axe":2,"minecraft:wheat_seeds":2,"minecraft:cooked_chicken":3,"minecraft:cocoa_beans":3,"minecraft:cooked_porkchop":1,"minecraft:chicken":1,"minecraft:oak_planks":40,"minecraft:jungle_planks":16,"minecraft:coal":1,"minecraft:dirt":2,"minecraft:torch":2,"minecraft:oak_sapling":1},"minecraft:crafted":{"minecraft:oak_door":3,"minecraft:oak_planks":92,"minecraft:stone_shovel":1,"minecraft:cooked_porkchop":3,"minecraft:crafting_table":2,"minecraft:wooden_pickaxe":1,"minecraft:cooked_chicken":4,"minecraft:furnace":2,"minecraft:copper_ingot":3,"minecraft:stone":16,"minecraft:stone_axe":1,"minecraft:cooked_mutton":4,"minecraft:air":0,"minecraft:jungle_planks":40,"minecraft:glass":24,"minecraft:jungle_door":3,"minecraft:shield":1,"minecraft:stick":12,"minecraft:iron_ingot":3,"minecraft:stone_pickaxe":2,"minecraft:wooden_axe":1,"minecraft:shears":1},"minecraft:broken":{"minecraft:stone_pickaxe":1},"minecraft:killed_by":{"minecraft:enderman":1},"minecraft:used":{"minecraft:stone_pickaxe":218,"minecraft:stone_shovel":43,"minecraft:oak_planks":45,"minecraft:wooden_pickaxe":7,"minecraft:shield":5,"minecraft:stone":16,"minecraft:cooked_chicken":1,"minecraft:torch":2,"minecraft:mutton":2,"minecraft:crafting_table":5,"minecraft:jungle_planks":15,"minecraft:white_bed":1,"minecraft:glass":24,"minecraft:wooden_axe":46,"minecraft:stone_axe":34,"minecraft:cobblestone":110,"minecraft:furnace":3,"minecraft:cooked_porkchop":6,"minecraft:jungle_door":6,"minecraft:cooked_beef":3},"minecraft:killed":{"minecraft:pig":1,"minecraft:spider":1,"minecraft:skeleton":3,"minecraft:sheep":1,"minecraft:zombie":2,"minecraft:chicken":5}},"DataVersion":3120}