{"stats":{"minecraft:killed":{"minecraft:creeper":1},"minecraft:used":{"minecraft:redstone_ore":16,"minecraft:grass_block":62},"minecraft:custom":{"minecraft:jump":746,"minecraft:time_since_rest":616813,"minecraft:damage_dealt":360,"minecraft:crouch_one_cm":910,"minecraft:play_time":616813,"minecraft:leave_game":14,"minecraft:sprint_one_cm":197294,"minecraft:time_since_death":616813,"minecraft:walk_one_cm":155631,"minecraft:sneak_time":367,"minecraft:total_world_time":616813,"minecraft:mob_kills":4,"minecraft:fly_one_cm":129650},"minecraft:picked_up":{"minecraft:arrow":2,"minecraft:bone":1,"minecraft:rotten_flesh":5,"minecraft:gunpowder":1}},"DataVersion":3700}