{"stats":{"minecraft:killed_by":{"minecraft:skeleton":1},"minecraft:killed":{"minecraft:skeleton":1,"minecraft:creeper":3},"minecraft:picked_up":{"minecraft:stick":2,"minecraft:bone":7,"minecraft:arrow":6,"minecraft:rotten_flesh":5,"minecraft:redstone_ore":1,"minecraft:grass_block":2,"minecraft:gunpowder":4,"minecraft:string":5},"minecraft:custom":{"minecraft:time_since_rest":1057589,"minecraft:crouch_one_cm":15545,"minecraft:damage_taken":725,"minecraft:play_time":1733576,"minecraft:sprint_one_cm":606287,"minecraft:deaths":2,"minecraft:walk_one_cm":409784,"minecraft:sneak_time":8426,"minecraft:mob_kills":13,"minecraft:drop":2,"minecraft:jump":6101,"minecraft:damage_dealt":1688,"minecraft:leave_game":36,"minecraft:time_since_death":1057559,"minecraft:climb_one_cm":414,"minecraft:total_world_time":1733576,"minecraft:fall_one_cm":15005,"minecraft:fly_one_cm":1614825},"minecraft:used":{"minecraft:stone_bricks":523,"minecraft:rotten_flesh":1,"minecraft:netherite_sword":2,"minecraft:dirt":21,"minecraft:oak_slab":28,"minecraft:spruce_wood":3,"minecraft:redstone_ore":17,"minecraft:grass_block":1594},"minecraft:dropped":{"minecraft:stick":2}},"DataVersion":3700}