{"stats":{"minecraft:killed_by":{"minecraft:skeleton":1},"minecraft:picked_up":{"minecraft:stick":2,"minecraft:bone":7,"minecraft:arrow":4,"minecraft:rotten_flesh":5,"minecraft:redstone_ore":1,"minecraft:grass_block":2,"minecraft:gunpowder":1},"minecraft:killed":{"minecraft:skeleton":1,"minecraft:creeper":1},"minecraft:used":{"minecraft:rotten_flesh":1,"minecraft:redstone_ore":17,"minecraft:grass_block":88},"minecraft:custom":{"minecraft:time_since_rest":1517,"minecraft:crouch_one_cm":910,"minecraft:sprint_one_cm":280434,"minecraft:play_time":677504,"minecraft:walk_one_cm":192046,"minecraft:damage_taken":530,"minecraft:deaths":2,"minecraft:sneak_time":390,"minecraft:mob_kills":6,"minecraft:jump":1349,"minecraft:damage_dealt":620,"minecraft:leave_game":15,"minecraft:time_since_death":1487,"minecraft:climb_one_cm":414,"minecraft:total_world_time":677504,"minecraft:fall_one_cm":11877,"minecraft:fly_one_cm":265192}},"DataVersion":3700}