{"stats":{"minecraft:used":{"minecraft:redstone_ore":3,"minecraft:grass_block":5},"minecraft:custom":{"minecraft:jump":99,"minecraft:time_since_rest":220353,"minecraft:damage_dealt":160,"minecraft:crouch_one_cm":875,"minecraft:play_time":220353,"minecraft:leave_game":2,"minecraft:sprint_one_cm":47354,"minecraft:time_since_death":220353,"minecraft:walk_one_cm":41031,"minecraft:sneak_time":282,"minecraft:total_world_time":220353,"minecraft:mob_kills":3,"minecraft:fly_one_cm":32646}},"DataVersion":3700}