{"stats":{"minecraft:custom":{"minecraft:time_since_rest":764291,"minecraft:crouch_one_cm":10977,"minecraft:damage_taken":725,"minecraft:play_time":1440278,"minecraft:sprint_one_cm":463700,"minecraft:deaths":2,"minecraft:walk_one_cm":306761,"minecraft:sneak_time":5505,"minecraft:mob_kills":12,"minecraft:jump":4275,"minecraft:damage_dealt":1338,"minecraft:leave_game":32,"minecraft:time_since_death":764261,"minecraft:climb_one_cm":414,"minecraft:total_world_time":1440278,"minecraft:fall_one_cm":15005,"minecraft:fly_one_cm":878970},"minecraft:used":{"minecraft:stone_bricks":314,"minecraft:rotten_flesh":1,"minecraft:netherite_sword":2,"minecraft:dirt":16,"minecraft:redstone_ore":17,"minecraft:grass_block":1241},"minecraft:killed_by":{"minecraft:skeleton":1},"minecraft:killed":{"minecraft:skeleton":1,"minecraft:creeper":3},"minecraft:picked_up":{"minecraft:stick":2,"minecraft:bone":7,"minecraft:arrow":6,"minecraft:rotten_flesh":5,"minecraft:redstone_ore":1,"minecraft:grass_block":2,"minecraft:gunpowder":4,"minecraft:string":4}},"DataVersion":3700}