{"stats":{"minecraft:used":{"minecraft:redstone_ore":3,"minecraft:grass_block":6},"minecraft:custom":{"minecraft:jump":101,"minecraft:time_since_rest":242687,"minecraft:damage_dealt":160,"minecraft:crouch_one_cm":875,"minecraft:play_time":242687,"minecraft:leave_game":9,"minecraft:sprint_one_cm":52984,"minecraft:time_since_death":242687,"minecraft:walk_one_cm":48486,"minecraft:sneak_time":282,"minecraft:total_world_time":242687,"minecraft:mob_kills":3,"minecraft:fly_one_cm":32838}},"DataVersion":3700}