{"stats":{"minecraft:killed":{"minecraft:creeper":1},"minecraft:used":{"minecraft:redstone_ore":16,"minecraft:grass_block":29},"minecraft:custom":{"minecraft:jump":488,"minecraft:time_since_rest":504382,"minecraft:damage_dealt":360,"minecraft:crouch_one_cm":910,"minecraft:play_time":504382,"minecraft:leave_game":13,"minecraft:sprint_one_cm":157553,"minecraft:time_since_death":504382,"minecraft:walk_one_cm":121888,"minecraft:sneak_time":352,"minecraft:total_world_time":504382,"minecraft:mob_kills":4,"minecraft:fly_one_cm":92083},"minecraft:picked_up":{"minecraft:gunpowder":1}},"DataVersion":3700}