{"stats":{"minecraft:used":{"minecraft:stone_bricks":431,"minecraft:rotten_flesh":1,"minecraft:netherite_sword":2,"minecraft:dirt":16,"minecraft:spruce_wood":2,"minecraft:redstone_ore":17,"minecraft:grass_block":1429},"minecraft:picked_up":{"minecraft:stick":2,"minecraft:bone":7,"minecraft:arrow":6,"minecraft:rotten_flesh":5,"minecraft:redstone_ore":1,"minecraft:grass_block":2,"minecraft:gunpowder":4,"minecraft:string":4},"minecraft:killed_by":{"minecraft:skeleton":1},"minecraft:custom":{"minecraft:time_since_rest":863651,"minecraft:crouch_one_cm":13434,"minecraft:damage_taken":725,"minecraft:play_time":1539638,"minecraft:sprint_one_cm":484092,"minecraft:deaths":2,"minecraft:walk_one_cm":325370,"minecraft:sneak_time":7111,"minecraft:mob_kills":12,"minecraft:drop":2,"minecraft:jump":4612,"minecraft:damage_dealt":1338,"minecraft:leave_game":33,"minecraft:time_since_death":863621,"minecraft:climb_one_cm":414,"minecraft:total_world_time":1539638,"minecraft:fall_one_cm":15005,"minecraft:fly_one_cm":1019824},"minecraft:dropped":{"minecraft:stick":2},"minecraft:killed":{"minecraft:skeleton":1,"minecraft:creeper":3}},"DataVersion":3700}