{"stats":{"minecraft:used":{"minecraft:redstone_ore":3,"minecraft:grass_block":10},"minecraft:custom":{"minecraft:jump":127,"minecraft:time_since_rest":287011,"minecraft:damage_dealt":160,"minecraft:crouch_one_cm":888,"minecraft:play_time":287011,"minecraft:leave_game":12,"minecraft:sprint_one_cm":73676,"minecraft:time_since_death":287011,"minecraft:walk_one_cm":63905,"minecraft:sneak_time":303,"minecraft:total_world_time":287011,"minecraft:mob_kills":3,"minecraft:fly_one_cm":37036}},"DataVersion":3700}