{"stats":{"minecraft:killed":{"minecraft:skeleton":1,"minecraft:creeper":3},"minecraft:killed_by":{"minecraft:skeleton":1},"minecraft:custom":{"minecraft:time_since_rest":434851,"minecraft:crouch_one_cm":7394,"minecraft:damage_taken":725,"minecraft:play_time":1110838,"minecraft:sprint_one_cm":414878,"minecraft:deaths":2,"minecraft:walk_one_cm":278594,"minecraft:sneak_time":3774,"minecraft:mob_kills":12,"minecraft:jump":3526,"minecraft:damage_dealt":1190,"minecraft:leave_game":16,"minecraft:time_since_death":434821,"minecraft:climb_one_cm":414,"minecraft:total_world_time":1110838,"minecraft:fall_one_cm":15005,"minecraft:fly_one_cm":705944},"minecraft:picked_up":{"minecraft:stick":2,"minecraft:bone":7,"minecraft:arrow":6,"minecraft:rotten_flesh":5,"minecraft:redstone_ore":1,"minecraft:grass_block":2,"minecraft:gunpowder":4},"minecraft:used":{"minecraft:stone_bricks":155,"minecraft:rotten_flesh":1,"minecraft:netherite_sword":2,"minecraft:dirt":7,"minecraft:redstone_ore":17,"minecraft:grass_block":942}},"DataVersion":3700}