{"stats":{"minecraft:used":{"minecraft:redstone_ore":3,"minecraft:grass_block":1},"minecraft:custom":{"minecraft:jump":97,"minecraft:time_since_rest":193607,"minecraft:damage_dealt":140,"minecraft:crouch_one_cm":875,"minecraft:leave_game":1,"minecraft:sprint_one_cm":37171,"minecraft:play_time":193607,"minecraft:time_since_death":193607,"minecraft:walk_one_cm":34421,"minecraft:sneak_time":271,"minecraft:total_world_time":193607,"minecraft:mob_kills":3,"minecraft:fly_one_cm":32208}},"DataVersion":3700}