{"stats":{"minecraft:killed":{"minecraft:skeleton":1,"minecraft:creeper":3},"minecraft:killed_by":{"minecraft:skeleton":1},"minecraft:custom":{"minecraft:time_since_rest":650851,"minecraft:crouch_one_cm":7436,"minecraft:damage_taken":725,"minecraft:play_time":1326838,"minecraft:sprint_one_cm":416288,"minecraft:deaths":2,"minecraft:walk_one_cm":280373,"minecraft:sneak_time":3841,"minecraft:mob_kills":12,"minecraft:jump":3555,"minecraft:damage_dealt":1190,"minecraft:leave_game":16,"minecraft:time_since_death":650821,"minecraft:climb_one_cm":414,"minecraft:total_world_time":1326838,"minecraft:fall_one_cm":15005,"minecraft:fly_one_cm":716304},"minecraft:picked_up":{"minecraft:stick":2,"minecraft:bone":7,"minecraft:arrow":6,"minecraft:rotten_flesh":5,"minecraft:redstone_ore":1,"minecraft:grass_block":2,"minecraft:gunpowder":4},"minecraft:used":{"minecraft:stone_bricks":155,"minecraft:rotten_flesh":1,"minecraft:netherite_sword":2,"minecraft:dirt":7,"minecraft:redstone_ore":17,"minecraft:grass_block":957}},"DataVersion":3700}