{"stats":{"minecraft:used":{"minecraft:redstone_ore":3,"minecraft:grass_block":10},"minecraft:custom":{"minecraft:jump":118,"minecraft:time_since_rest":275011,"minecraft:damage_dealt":160,"minecraft:crouch_one_cm":888,"minecraft:play_time":275011,"minecraft:leave_game":12,"minecraft:sprint_one_cm":71088,"minecraft:time_since_death":275011,"minecraft:walk_one_cm":60552,"minecraft:sneak_time":303,"minecraft:total_world_time":275011,"minecraft:mob_kills":3,"minecraft:fly_one_cm":35145}},"DataVersion":3700}