{"stats":{"minecraft:used":{"minecraft:redstone_ore":3,"minecraft:grass_block":5},"minecraft:custom":{"minecraft:jump":97,"minecraft:time_since_rest":205599,"minecraft:damage_dealt":160,"minecraft:crouch_one_cm":875,"minecraft:play_time":205599,"minecraft:leave_game":1,"minecraft:sprint_one_cm":43017,"minecraft:time_since_death":205599,"minecraft:walk_one_cm":37796,"minecraft:sneak_time":282,"minecraft:total_world_time":205599,"minecraft:mob_kills":3,"minecraft:fly_one_cm":32236}},"DataVersion":3700}