{"stats":{"minecraft:killed":{"minecraft:creeper":1},"minecraft:picked_up":{"minecraft:arrow":2,"minecraft:bone":1,"minecraft:rotten_flesh":5,"minecraft:gunpowder":1},"minecraft:used":{"minecraft:rotten_flesh":1,"minecraft:redstone_ore":16,"minecraft:grass_block":62},"minecraft:custom":{"minecraft:jump":1064,"minecraft:time_since_rest":664769,"minecraft:damage_dealt":420,"minecraft:crouch_one_cm":910,"minecraft:play_time":664769,"minecraft:leave_game":14,"minecraft:sprint_one_cm":233280,"minecraft:walk_one_cm":174726,"minecraft:time_since_death":664769,"minecraft:sneak_time":390,"minecraft:total_world_time":664769,"minecraft:mob_kills":5,"minecraft:fly_one_cm":194962}},"DataVersion":3700}