{"stats":{"minecraft:killed":{"minecraft:skeleton":1,"minecraft:creeper":3},"minecraft:killed_by":{"minecraft:skeleton":1},"minecraft:custom":{"minecraft:time_since_rest":754252,"minecraft:crouch_one_cm":9576,"minecraft:damage_taken":725,"minecraft:play_time":1430239,"minecraft:sprint_one_cm":450046,"minecraft:deaths":2,"minecraft:walk_one_cm":297053,"minecraft:sneak_time":4787,"minecraft:mob_kills":12,"minecraft:jump":4062,"minecraft:damage_dealt":1310,"minecraft:leave_game":31,"minecraft:time_since_death":754222,"minecraft:climb_one_cm":414,"minecraft:total_world_time":1430239,"minecraft:fall_one_cm":15005,"minecraft:fly_one_cm":846001},"minecraft:picked_up":{"minecraft:stick":2,"minecraft:bone":7,"minecraft:arrow":6,"minecraft:rotten_flesh":5,"minecraft:redstone_ore":1,"minecraft:grass_block":2,"minecraft:gunpowder":4},"minecraft:used":{"minecraft:stone_bricks":203,"minecraft:rotten_flesh":1,"minecraft:netherite_sword":2,"minecraft:dirt":16,"minecraft:redstone_ore":17,"minecraft:grass_block":1186}},"DataVersion":3700}