{"stats":{"minecraft:killed_by":{"minecraft:skeleton":1},"minecraft:custom":{"minecraft:time_since_rest":91464,"minecraft:crouch_one_cm":4798,"minecraft:damage_taken":725,"minecraft:play_time":767451,"minecraft:sprint_one_cm":375687,"minecraft:deaths":2,"minecraft:walk_one_cm":260395,"minecraft:sneak_time":2500,"minecraft:mob_kills":12,"minecraft:jump":2771,"minecraft:damage_dealt":1190,"minecraft:leave_game":15,"minecraft:time_since_death":91434,"minecraft:climb_one_cm":414,"minecraft:total_world_time":767451,"minecraft:fall_one_cm":15005,"minecraft:fly_one_cm":554211},"minecraft:used":{"minecraft:stone_bricks":90,"minecraft:rotten_flesh":1,"minecraft:netherite_sword":2,"minecraft:redstone_ore":17,"minecraft:grass_block":770},"minecraft:picked_up":{"minecraft:stick":2,"minecraft:bone":7,"minecraft:arrow":6,"minecraft:rotten_flesh":5,"minecraft:redstone_ore":1,"minecraft:grass_block":2,"minecraft:gunpowder":4},"minecraft:killed":{"minecraft:skeleton":1,"minecraft:creeper":3}},"DataVersion":3700}