{"stats":{"minecraft:killed_by":{"minecraft:skeleton":1},"minecraft:custom":{"minecraft:time_since_rest":55464,"minecraft:crouch_one_cm":4266,"minecraft:damage_taken":530,"minecraft:play_time":731451,"minecraft:sprint_one_cm":351133,"minecraft:deaths":2,"minecraft:walk_one_cm":252748,"minecraft:sneak_time":2198,"minecraft:mob_kills":8,"minecraft:jump":2604,"minecraft:damage_dealt":1020,"minecraft:leave_game":15,"minecraft:time_since_death":55434,"minecraft:climb_one_cm":414,"minecraft:total_world_time":731451,"minecraft:fall_one_cm":11877,"minecraft:fly_one_cm":517337},"minecraft:used":{"minecraft:stone_bricks":82,"minecraft:rotten_flesh":1,"minecraft:netherite_sword":2,"minecraft:redstone_ore":17,"minecraft:grass_block":764},"minecraft:picked_up":{"minecraft:stick":2,"minecraft:bone":7,"minecraft:arrow":4,"minecraft:rotten_flesh":5,"minecraft:redstone_ore":1,"minecraft:grass_block":2,"minecraft:gunpowder":4},"minecraft:killed":{"minecraft:skeleton":1,"minecraft:creeper":3}},"DataVersion":3700}