{"stats":{"minecraft:killed":{"minecraft:creeper":1},"minecraft:used":{"minecraft:redstone_ore":16,"minecraft:grass_block":29},"minecraft:custom":{"minecraft:jump":666,"minecraft:time_since_rest":588382,"minecraft:damage_dealt":360,"minecraft:crouch_one_cm":910,"minecraft:play_time":588382,"minecraft:leave_game":13,"minecraft:sprint_one_cm":182204,"minecraft:time_since_death":588382,"minecraft:walk_one_cm":139241,"minecraft:sneak_time":361,"minecraft:total_world_time":588382,"minecraft:mob_kills":4,"minecraft:fly_one_cm":114923},"minecraft:picked_up":{"minecraft:rotten_flesh":4,"minecraft:gunpowder":1}},"DataVersion":3700}