{"stats":{"minecraft:used":{"minecraft:redstone_ore":3,"minecraft:grass_block":9},"minecraft:custom":{"minecraft:jump":101,"minecraft:time_since_rest":252444,"minecraft:damage_dealt":160,"minecraft:crouch_one_cm":888,"minecraft:play_time":252444,"minecraft:leave_game":11,"minecraft:sprint_one_cm":63639,"minecraft:time_since_death":252444,"minecraft:walk_one_cm":53213,"minecraft:sneak_time":294,"minecraft:total_world_time":252444,"minecraft:mob_kills":3,"minecraft:fly_one_cm":32893}},"DataVersion":3700}