{"stats":{"minecraft:killed_by":{"minecraft:skeleton":1},"minecraft:custom":{"minecraft:time_since_rest":980903,"minecraft:crouch_one_cm":15003,"minecraft:damage_taken":725,"minecraft:play_time":1656890,"minecraft:sprint_one_cm":574178,"minecraft:deaths":2,"minecraft:walk_one_cm":392880,"minecraft:sneak_time":7881,"minecraft:mob_kills":13,"minecraft:drop":2,"minecraft:jump":5453,"minecraft:damage_dealt":1688,"minecraft:leave_game":34,"minecraft:time_since_death":980873,"minecraft:climb_one_cm":414,"minecraft:total_world_time":1656890,"minecraft:fall_one_cm":15005,"minecraft:fly_one_cm":1397801},"minecraft:picked_up":{"minecraft:stick":2,"minecraft:bone":7,"minecraft:arrow":6,"minecraft:rotten_flesh":5,"minecraft:redstone_ore":1,"minecraft:grass_block":2,"minecraft:gunpowder":4,"minecraft:string":4},"minecraft:dropped":{"minecraft:stick":2},"minecraft:used":{"minecraft:stone_bricks":500,"minecraft:rotten_flesh":1,"minecraft:netherite_sword":2,"minecraft:dirt":20,"minecraft:oak_slab":8,"minecraft:spruce_wood":3,"minecraft:redstone_ore":17,"minecraft:grass_block":1531},"minecraft:killed":{"minecraft:skeleton":1,"minecraft:creeper":3}},"DataVersion":3700}