{"stats":{"minecraft:used":{"minecraft:redstone_ore":3,"minecraft:grass_block":5},"minecraft:custom":{"minecraft:jump":100,"minecraft:time_since_rest":230878,"minecraft:damage_dealt":160,"minecraft:crouch_one_cm":875,"minecraft:play_time":230878,"minecraft:leave_game":7,"minecraft:sprint_one_cm":50578,"minecraft:time_since_death":230878,"minecraft:walk_one_cm":45728,"minecraft:sneak_time":282,"minecraft:total_world_time":230878,"minecraft:mob_kills":3,"minecraft:fly_one_cm":32706}},"DataVersion":3700}