{"stats":{"minecraft:used":{"minecraft:redstone_ore":3,"minecraft:grass_block":10},"minecraft:custom":{"minecraft:jump":152,"minecraft:time_since_rest":294422,"minecraft:damage_dealt":160,"minecraft:crouch_one_cm":910,"minecraft:play_time":294422,"minecraft:leave_game":13,"minecraft:sprint_one_cm":82193,"minecraft:time_since_death":294422,"minecraft:walk_one_cm":70444,"minecraft:sneak_time":347,"minecraft:total_world_time":294422,"minecraft:mob_kills":3,"minecraft:fly_one_cm":41959}},"DataVersion":3700}