{"stats":{"minecraft:killed_by":{"minecraft:skeleton":1},"minecraft:custom":{"minecraft:time_since_rest":968903,"minecraft:crouch_one_cm":15003,"minecraft:damage_taken":725,"minecraft:play_time":1644890,"minecraft:sprint_one_cm":557259,"minecraft:deaths":2,"minecraft:walk_one_cm":381288,"minecraft:sneak_time":7881,"minecraft:mob_kills":12,"minecraft:drop":2,"minecraft:jump":5310,"minecraft:damage_dealt":1338,"minecraft:leave_game":34,"minecraft:time_since_death":968873,"minecraft:climb_one_cm":414,"minecraft:total_world_time":1644890,"minecraft:fall_one_cm":15005,"minecraft:fly_one_cm":1348401},"minecraft:picked_up":{"minecraft:stick":2,"minecraft:bone":7,"minecraft:arrow":6,"minecraft:rotten_flesh":5,"minecraft:redstone_ore":1,"minecraft:grass_block":2,"minecraft:gunpowder":4,"minecraft:string":4},"minecraft:dropped":{"minecraft:stick":2},"minecraft:used":{"minecraft:stone_bricks":499,"minecraft:rotten_flesh":1,"minecraft:netherite_sword":2,"minecraft:dirt":18,"minecraft:oak_slab":5,"minecraft:spruce_wood":2,"minecraft:redstone_ore":17,"minecraft:grass_block":1528},"minecraft:killed":{"minecraft:skeleton":1,"minecraft:creeper":3}},"DataVersion":3700}