{"stats":{"minecraft:killed":{"minecraft:skeleton":1,"minecraft:creeper":3},"minecraft:killed_by":{"minecraft:skeleton":1},"minecraft:custom":{"minecraft:time_since_rest":747371,"minecraft:crouch_one_cm":9460,"minecraft:damage_taken":725,"minecraft:play_time":1423358,"minecraft:sprint_one_cm":443451,"minecraft:deaths":2,"minecraft:walk_one_cm":294240,"minecraft:sneak_time":4652,"minecraft:mob_kills":12,"minecraft:jump":3940,"minecraft:damage_dealt":1310,"minecraft:leave_game":30,"minecraft:time_since_death":747341,"minecraft:climb_one_cm":414,"minecraft:total_world_time":1423358,"minecraft:fall_one_cm":15005,"minecraft:fly_one_cm":808480},"minecraft:picked_up":{"minecraft:stick":2,"minecraft:bone":7,"minecraft:arrow":6,"minecraft:rotten_flesh":5,"minecraft:redstone_ore":1,"minecraft:grass_block":2,"minecraft:gunpowder":4},"minecraft:used":{"minecraft:stone_bricks":203,"minecraft:rotten_flesh":1,"minecraft:netherite_sword":2,"minecraft:dirt":12,"minecraft:redstone_ore":17,"minecraft:grass_block":1148}},"DataVersion":3700}