{"stats":{"minecraft:killed":{"minecraft:creeper":1},"minecraft:used":{"minecraft:redstone_ore":16,"minecraft:grass_block":29},"minecraft:custom":{"minecraft:jump":510,"minecraft:time_since_rest":516382,"minecraft:damage_dealt":360,"minecraft:crouch_one_cm":910,"minecraft:play_time":516382,"minecraft:leave_game":13,"minecraft:sprint_one_cm":160441,"minecraft:time_since_death":516382,"minecraft:walk_one_cm":125122,"minecraft:sneak_time":352,"minecraft:total_world_time":516382,"minecraft:mob_kills":4,"minecraft:fly_one_cm":94272},"minecraft:picked_up":{"minecraft:gunpowder":1}},"DataVersion":3700}