{"stats":{"minecraft:used":{"minecraft:redstone_ore":3,"minecraft:grass_block":9},"minecraft:custom":{"minecraft:jump":101,"minecraft:time_since_rest":263011,"minecraft:damage_dealt":160,"minecraft:crouch_one_cm":888,"minecraft:play_time":263011,"minecraft:leave_game":12,"minecraft:sprint_one_cm":65625,"minecraft:time_since_death":263011,"minecraft:walk_one_cm":56193,"minecraft:sneak_time":294,"minecraft:total_world_time":263011,"minecraft:mob_kills":3,"minecraft:fly_one_cm":32893}},"DataVersion":3700}