{"stats":{"minecraft:killed":{"minecraft:creeper":1},"minecraft:used":{"minecraft:redstone_ore":16,"minecraft:grass_block":26},"minecraft:custom":{"minecraft:jump":356,"minecraft:time_since_rest":426382,"minecraft:damage_dealt":360,"minecraft:crouch_one_cm":910,"minecraft:play_time":426382,"minecraft:leave_game":13,"minecraft:sprint_one_cm":127474,"minecraft:time_since_death":426382,"minecraft:walk_one_cm":100508,"minecraft:sneak_time":352,"minecraft:total_world_time":426382,"minecraft:mob_kills":4,"minecraft:fly_one_cm":70939},"minecraft:picked_up":{"minecraft:gunpowder":1}},"DataVersion":3700}