{"stats":{"minecraft:killed":{"minecraft:skeleton":1,"minecraft:creeper":3},"minecraft:killed_by":{"minecraft:skeleton":1},"minecraft:custom":{"minecraft:time_since_rest":723371,"minecraft:crouch_one_cm":9324,"minecraft:damage_taken":725,"minecraft:play_time":1399358,"minecraft:sprint_one_cm":434244,"minecraft:deaths":2,"minecraft:walk_one_cm":290114,"minecraft:sneak_time":4582,"minecraft:mob_kills":12,"minecraft:jump":3831,"minecraft:damage_dealt":1190,"minecraft:leave_game":30,"minecraft:time_since_death":723341,"minecraft:climb_one_cm":414,"minecraft:total_world_time":1399358,"minecraft:fall_one_cm":15005,"minecraft:fly_one_cm":779166},"minecraft:picked_up":{"minecraft:stick":2,"minecraft:bone":7,"minecraft:arrow":6,"minecraft:rotten_flesh":5,"minecraft:redstone_ore":1,"minecraft:grass_block":2,"minecraft:gunpowder":4},"minecraft:used":{"minecraft:stone_bricks":178,"minecraft:rotten_flesh":1,"minecraft:netherite_sword":2,"minecraft:dirt":12,"minecraft:redstone_ore":17,"minecraft:grass_block":1148}},"DataVersion":3700}